{
  "model_kind": "random_forest",
  "n_train": 276,
  "n_test": 94,
  "fecha_corte": "2026-04-20",
  "mae": 2.6286443845752347,
  "rmse": 3.588585760946656,
  "r2": 0.8895351151981026,
  "feature_importances": {
    "aforo_prom_hist": 0.8330093184240618,
    "aforo_max_hist": 0.0783481599397187,
    "aforo_lag1": 0.052761185959941774,
    "aforo_lag2": 0.011459672320414631,
    "ratio_virtual": 0.003770426630098948,
    "duracion_prom_clases": 0.002554183327445536,
    "n_secciones_activas": 0.002163053087482868,
    "n_cursos_activos": 0.0021138138036861744,
    "estudiantes_virtual": 0.0018377296866397288,
    "ratio_libres": 0.0017656624990989745,
    "estudiantes_libres": 0.0014584034222380347,
    "hora_cos": 0.0011234369659102888,
    "hora_dec": 0.0010983885465660208,
    "dia_sin": 0.0010925155782221287,
    "hora_sin": 0.0009546148841775945,
    "estudiantes_presencial": 0.0009338904632748456,
    "dia_cos": 0.0009169869067529297,
    "carga_academica": 0.0008639524239499318,
    "dia_num": 0.0008097798746741851,
    "n_facultades_activas": 0.000775440523053658,
    "modalidad_predominante_mixta": 6.951871002420415e-05,
    "modalidad_predominante_sin_clases": 6.522292357158498e-05,
    "es_dia_academico": 3.741714133435761e-05,
    "es_finde": 1.7025122679429685e-05,
    "modalidad_predominante_presencial": 2.0083498141460844e-07
  }
}